{"packages/cupertino_icons/assets/CupertinoIcons.ttf":["packages/cupertino_icons/assets/CupertinoIcons.ttf"],"fonts/Monoton-Regular.ttf":["fonts/Monoton-Regular.ttf"],"fonts/RussoOne-Regular.ttf":["fonts/RussoOne-Regular.ttf"],"assets/error.jpg":["assets/error.jpg"],"assets/movie.png":["assets/movie.png"],"assets/search.jpg":["assets/search.jpg"],"assets/series.jpg":["assets/series.jpg"],"assets/serieswatchlist.jpeg":["assets/serieswatchlist.jpeg"],"packages/youtube_player_flutter/assets/speedometer.webp":["packages/youtube_player_flutter/assets/speedometer.webp"],"assets/splash.png":["assets/splash.png"],"assets/watchlater.jpg":["assets/watchlater.jpg"]}